Name,Hash,Id,Tag,Tier,Type,Source,Equippable,Power,Masterwork Type,Masterwork Tier,Owner,Locked,Equipped,Year,Season,Event,DTR Rating,# of Reviews,Mobility,Recovery,Resilience,Intellect,Discipline,Strength,Total,Notes,Perks 0,Perks 1,Perks 2,Perks 3,Perks 4,Perks 5
Iron Will Mask,1098138990,"""6917529116564583496""",,Legendary,Helmet,ironbanner,Hunter,950,Void Energy Capacity,10,Hunter(968),true,false,3,8,,N/A,N/A,17,18,8,23,4,8,78,Intellect + mobility,Recovery Mod*,Scatter Projectile Targeting*,Polished Sea Stone*,Upgrade Armor*,Frostveil Mask*,
Iron Will Mask,1098138990,"""6917529115986938957""",,Legendary,Helmet,ironbanner,Hunter,949,Void Energy Capacity,7,Hunter(968),true,false,3,8,,N/A,N/A,12,17,9,14,6,8,66,,Mobility Mod*,Hand Cannon Targeting*,Iron Mossbone*,Upgrade Armor*,,
Celestial Nighthawk,1321354573,"""6917529119392889119""",,Exotic,Helmet,,Hunter,950,Solar Energy Capacity,1,Hunter(968),false,false,1,1,,N/A,N/A,3,28,3,6,6,19,65,,Hawkeye Hack*,Upgrade Armor*,Victorian Silverhawk*,,,
Cowl of Righteousness,557676195,"""6917529106157426576""",,Legendary,Helmet,garden,Hunter,950,Arc Energy Capacity,10,Hunter(968),true,false,3,8,,N/A,N/A,4,30,8,11,8,15,76,,Recovery Mod*,Precision Weapon Targeting*,Gambit Emerald*,Upgrade Armor*,,
Substitutional Alloy Mask,4078925540,"""6917529117652060146""",,Legendary,Helmet,seasonpass,Hunter,950,Arc Energy Capacity,7,Hunter(968),true,false,3,8,,N/A,N/A,6,13,6,2,2,32,61,,Strength Mod*,Scatter Projectile Targeting*,Gambit Celadon*,Upgrade Armor*,,
Wormhusk Crown,3562696927,"""6917529124234024013""",,Exotic,Helmet,,Hunter,931,Void Energy Capacity,1,Hunter(968),false,false,1,3,,N/A,N/A,7,17,2,6,6,12,50,,Burning Souls*,Upgrade Armor*,,,,
Dreambane Cowl,659922705,"""6917529119404428591""",,Legendary,Helmet,moon,Hunter,951,Void Energy Capacity,5,Hunter(968),true,false,3,8,,N/A,N/A,6,13,7,7,12,7,52,,Paragon Mod*,Dreambane Mod*,Upgrade Armor*,,,
Masquerader's Cowl,2352138838,"""6917529120689587773""",,Legendary,Festival Mask,,Hunter,951,Arc Energy Capacity,6,Hunter(968),true,false,3,8,Festival of the Lost,N/A,N/A,10,10,2,2,2,22,48,,Paragon Mod*,Higher Purpose*,Upgrade Armor*,Traveler Mask*,,
Dreambane Grips,3571441640,"""6917529103043983672""",,Legendary,Gauntlets,moon,Hunter,950,Arc Energy Capacity,5,Hunter(968),true,false,3,8,,N/A,N/A,11,2,13,2,23,2,53,Unique,Paragon Mod*,Dreambane Mod*,Upgrade Armor*,,,
Khepri's Sting,2757274117,"""6917529115039093871""",,Exotic,Gauntlets,,Hunter,950,Arc Energy Capacity,8,Hunter(968),true,false,2,7,,N/A,N/A,12,9,8,18,8,12,67,,Strength Mod*,Shotgun Loader*,Enhanced Hand Cannon Loader*,Touch of Venom*,Gambit Celadon*,Upgrade Armor*
Shards of Galanor,691578979,"""6917529111491915031""",,Exotic,Gauntlets,,Hunter,950,Solar Energy Capacity,3,Hunter(968),true,false,2,4,,N/A,N/A,7,18,7,7,8,13,60,,Sharp Edges*,Upgrade Armor*,,,,
Swordflight 4.1,2473130418,"""6917529124222283373""",,Legendary,Gauntlets,,Hunter,951,Void Energy Capacity,2,Hunter(968),false,false,1,1,,N/A,N/A,8,12,6,6,10,6,48,,Upgrade Armor*,,,,,
Swordflight 4.1,2473130418,"""6917529117707709854""",,Legendary,Gauntlets,,Hunter,950,Arc Energy Capacity,5,Hunter(968),true,false,1,1,,N/A,N/A,6,19,2,7,2,16,52,,Enhanced Hand Cannon Loader*,Enhanced Resistant Tether*,Upgrade Armor*,,,
Young Ahamkara's Spine,475652357,"""6917529118221970863""",,Exotic,Gauntlets,,Hunter,950,Solar Energy Capacity,3,Hunter(968),true,false,1,1,,N/A,N/A,9,15,8,9,22,12,75,,Discipline Mod*,Wish-Dragon Teeth*,Upgrade Armor*,,,
Iron Will Sleeves,2547799775,"""6917529115175572651""",,Legendary,Gauntlets,ironbanner,Hunter,950,Arc Energy Capacity,4,Hunter(968),true,false,3,8,,N/A,N/A,2,29,10,9,10,9,69,Unique,Recovery Mod*,Gambit Celadon*,Upgrade Armor*,,,
Red Moon Phantom Grips,2518901664,"""6917529120694633046""",,Legendary,Gauntlets,,Hunter,951,Solar Energy Capacity,4,Hunter(968),false,false,2,4,,N/A,N/A,12,7,7,12,2,12,52,,Paragon Mod*,Upgrade Armor*,Chthonic Grips*,,,
Raiden Flux,2766109872,"""6917529114983105715""",,Exotic,Chest Armor,,Hunter,950,Arc Energy Capacity,2,Hunter(968),false,false,1,1,,N/A,N/A,13,8,9,19,8,2,59,,Synapse Junctions*,Upgrade Armor*,,,,
Prodigal Vest,3434158555,"""6917529112664500919""",,Legendary,Chest Armor,,Hunter,948,Void Energy Capacity,7,Hunter(968),true,false,2,4,,N/A,N/A,6,29,2,12,6,8,63,Recov,Recovery Mod*,Grenade Launcher Reserves*,Upgrade Armor*,,,
The Took Offense,3469164235,"""6917529115163506345""",junk,Legendary,Chest Armor,,Hunter,951,Void Energy Capacity,3,Hunter(968),true,false,1,1,,N/A,N/A,12,2,11,13,8,6,52,,Upgrade Armor*,,,,,
Gwisin Vest,1474735276,"""6917529117097046654""",,Exotic,Chest Armor,,Hunter,930,Solar Energy Capacity,7,Hunter(968),false,false,2,4,,N/A,N/A,12,16,7,12,6,6,59,Collections,Recovery Mod*,Rocket Launcher Reserves*,Roving Assassin*,Upgrade Armor*,Eerie Breeze*,
Iron Will Vest,1058936857,"""6917529115986938266""",,Legendary,Chest Armor,ironbanner,Hunter,949,Void Energy Capacity,7,Hunter(968),true,false,3,8,,N/A,N/A,8,14,6,2,20,7,57,Discipline + recovery,Paragon Mod*,Grenade Launcher Reserves*,Polished Sea Stone*,Upgrade Armor*,,
Iron Will Vest,1058936857,"""6917529115175573385""",,Legendary,Chest Armor,ironbanner,Hunter,950,Arc Energy Capacity,8,Hunter(968),true,false,3,8,,N/A,N/A,10,9,10,9,2,30,70,Strength,Strength Mod*,Unflinching Rifle Aim*,Warbrick*,Upgrade Armor*,,
Dreambane Vest,883769696,"""6917529117091300103""",,Legendary,Chest Armor,moon,Hunter,950,Arc Energy Capacity,5,Hunter(968),true,false,3,8,,N/A,N/A,12,7,6,14,2,12,53,Unique,Paragon Mod*,Nightmare Banisher*,Upgrade Armor*,,,
Iron Will Boots,1469050017,"""6917529115282706265""",,Legendary,Leg Armor,ironbanner,Hunter,951,Solar Energy Capacity,7,Hunter(968),true,false,3,8,,N/A,N/A,13,18,2,11,14,2,60,Recovery + intellect,Paragon Mod*,Traction*,Polished Sea Stone*,Upgrade Armor*,,
St0mp-EE5,193869520,"""6917529103009810072""",,Exotic,Leg Armor,,Hunter,950,Void Energy Capacity,8,Hunter(968),false,false,1,1,,N/A,N/A,19,22,2,6,9,13,71,,Recovery Mod*,Traction*,Scout Rifle Dexterity*,Hydraulic Boosters*,Gambit Emerald*,Upgrade Armor*
Lucky Pants,193869522,"""6917529122285380805""",,Exotic,Leg Armor,,Hunter,948,Void Energy Capacity,7,Hunter(968),false,false,1,1,,N/A,N/A,12,20,7,6,12,6,63,,Recovery Mod*,Traction*,Illegally Modded Holster*,Upgrade Armor*,,
Orpheus Rig,193869523,"""6917529111301739088""",,Exotic,Leg Armor,,Hunter,950,Void Energy Capacity,7,Hunter(968),true,false,1,1,,N/A,N/A,9,15,11,2,10,19,66,,Paragon Mod*,Traction*,Uncanny Arrows*,Upgrade Armor*,,
Dreambane Strides,377813570,"""6917529103015651238""",,Legendary,Leg Armor,moon,Hunter,860,Solar Energy Capacity,6,Hunter(968),true,false,3,8,,N/A,N/A,6,6,12,22,2,2,50,Unique,Paragon Mod*,Enhanced Nightmare Breaker*,Upgrade Armor*,,,
Strides of Ascendancy,2054979724,"""6917529112596431138""",,Legendary,Leg Armor,garden,Hunter,948,Solar Energy Capacity,4,Hunter(968),true,false,3,8,,N/A,N/A,14,8,7,15,6,12,62,High stats,Paragon Mod*,Upgrade Armor*,,,,
Iron Will Boots,1469050017,"""6917529116564584181""",,Legendary,Leg Armor,ironbanner,Hunter,950,Solar Energy Capacity,3,Hunter(968),true,false,3,8,,N/A,N/A,7,15,10,10,18,2,62,Discipline + recovery,Enhanced Relay Defender*,Iron Mossbone*,Upgrade Armor*,Chthonic Strides*,,
Cloak of Temptation,3549177695,"""6917529112642397251""",,Legendary,Hunter Cloak,garden,Hunter,951,Void Energy Capacity,2,Hunter(968),false,false,3,8,,N/A,N/A,0,0,0,0,0,0,0,,Upgrade Armor*,,,,,
Iron Will Cloak,2414679508,"""6917529115139711943""",,Legendary,Hunter Cloak,ironbanner,Hunter,950,Arc Energy Capacity,3,Hunter(968),true,false,3,8,,N/A,N/A,0,0,0,0,0,0,0,Unique,Enhanced Resistant Tether*,Iron Mossbone*,Upgrade Armor*,,,
Binary Phoenix Cloak,1658896287,"""6917529110357406027""",,Legendary,Hunter Cloak,,Hunter,950,Void Energy Capacity,8,Hunter(968),true,false,1,1,,N/A,N/A,0,0,0,0,0,0,0,,Oppressive Darkness*,Upgrade Armor*,,,,
Binary Phoenix Cloak,1658896287,"""6917529111341868606""",,Legendary,Hunter Cloak,,Hunter,950,Solar Energy Capacity,3,Hunter(968),false,false,1,1,,N/A,N/A,0,0,0,0,0,0,0,,Enhanced Relay Defender*,Upgrade Armor*,,,,
Tangled Web Cloak,4074193483,"""6917529120875599548""",,Legendary,Hunter Cloak,,Hunter,951,Solar Energy Capacity,5,Hunter(968),false,false,2,4,,N/A,N/A,0,0,0,0,0,0,0,,Paragon Mod*,Vanguard Veteran*,Upgrade Armor*,Chthonic Cloak*,,
Cloak of the Great Hunt,1646520469,"""6917529123107286737""",,Legendary,Hunter Cloak,,Hunter,950,Solar Energy Capacity,4,Hunter(968),true,false,2,4,,N/A,N/A,0,0,0,0,0,0,0,,Upgrade Armor*,,,,,
Dreambane Cloak,193805725,"""6917529102974288829""",,Legendary,Hunter Cloak,moon,Hunter,950,Void Energy Capacity,7,Hunter(968),true,false,3,8,,N/A,N/A,0,0,0,0,0,0,0,Unique,Oppressive Darkness*,Dreambane Mod*,Upgrade Armor*,,,
Shadow Specter,4230626646,"""6917529124113651198""",,Rare,Leg Armor,,Hunter,950,Arc Energy Capacity,5,Hunter(968),false,false,2,4,,N/A,N/A,12,13,2,2,16,6,51,,Upgrade Armor*,,,,,
Knucklehead Radar,1321354572,"""6917529122285374281""",,Exotic,Helmet,,Hunter,950,Solar Energy Capacity,8,Hunter(968),true,true,1,1,,N/A,N/A,18,7,13,20,7,2,67,,Mobility Mod*,Precision Weapon Targeting*,Upgraded Sensor Pack*,Fright Night*,Upgrade Armor*,
Iron Will Sleeves,2547799775,"""6917529115986936935""",,Legendary,Gauntlets,ironbanner,Hunter,949,Arc Energy Capacity,5,Hunter(968),true,true,3,8,,N/A,N/A,15,22,2,13,6,6,64,,Recovery Mod*,Enhanced Hand Cannon Loader*,Fright Night*,Upgrade Armor*,Dragonfly Regalia Grasps*,
Dreambane Vest,883769696,"""6917529120825007072""",,Legendary,Chest Armor,moon,Hunter,952,Arc Energy Capacity,10,Hunter(968),true,true,3,8,,N/A,N/A,4,29,10,9,4,20,76,,Recovery Mod*,Unflinching Light Arms Aim*,Fright Night*,Upgrade Armor*,Dragonfly Regalia Vest*,
Tangled Web Strides,2092750352,"""6917529121391767802""",,Legendary,Leg Armor,,Hunter,951,Solar Energy Capacity,7,Hunter(968),true,true,2,4,,N/A,N/A,7,34,2,7,2,21,73,,Recovery Mod*,Traction*,Fright Night*,Upgrade Armor*,Dragonfly Regalia Strides*,
Ancient Apocalypse Cloak,2506514251,"""6917529110451116920""",,Legendary,Hunter Cloak,,Hunter,950,Arc Energy Capacity,10,Hunter(968),true,true,2,4,,N/A,N/A,2,12,2,2,2,2,22,,Recovery Mod*,Pump Action*,Outreach*,Polished Sea Stone*,Upgrade Armor*,Phenotype Plasticity Cloak*
Nezarec's Sin,3381022971,"""6917529119801605230""",,Exotic,Helmet,,Warlock,950,Void Energy Capacity,1,Warlock(967),false,false,1,1,,N/A,N/A,10,7,7,6,6,10,46,,Void Resistance*,Abyssal Extractors*,Upgrade Armor*,,,
Prodigal Hood,2734010957,"""6917529116447541297""",,Legendary,Helmet,,Warlock,950,Solar Energy Capacity,3,Warlock(967),false,false,2,4,,N/A,N/A,17,2,7,7,2,17,52,,Upgrade Armor*,,,,,
Prodigal Hood,2734010957,"""6917529119852773790""",,Legendary,Helmet,,Warlock,949,Solar Energy Capacity,2,Warlock(967),true,false,2,4,,N/A,N/A,2,22,2,10,2,14,52,,Upgrade Armor*,,,,,
Atonement Tau,3524846593,"""6917529115288844756""",,Rare,Helmet,,Warlock,948,Arc Energy Capacity,8,Warlock(967),true,false,2,4,,N/A,N/A,2,22,12,6,16,2,60,,Resilience Mod*,Precision Weapon Targeting*,Echoes of Io*,Upgrade Armor*,,
Dreambane Hood,1528483180,"""6917529121921965281""",,Legendary,Helmet,moon,Warlock,951,Arc Energy Capacity,10,Warlock(967),false,false,3,8,,N/A,N/A,4,10,19,14,13,4,64,,Upgrade Armor*,,,,,
Iron Will Gloves,863444264,"""6917529115999969692""",,Legendary,Gauntlets,ironbanner,Warlock,947,Void Energy Capacity,1,Warlock(967),false,false,3,8,,N/A,N/A,8,14,7,14,9,7,59,,Iron Mossbone*,Upgrade Armor*,,,,
Ophidian Aspect,3627185503,"""6917529116019858787""",,Exotic,Gauntlets,,Warlock,950,Arc Energy Capacity,7,Warlock(967),false,false,1,2,,N/A,N/A,11,17,6,6,6,12,58,,Recovery Mod*,Shotgun Loader*,Cobra Totemic*,Upgrade Armor*,,
Ankaa Seeker IV,1929596421,"""6917529116044619173""",,Legendary,Gauntlets,,Warlock,947,Solar Energy Capacity,2,Warlock(967),true,false,2,7,,N/A,N/A,2,18,6,18,2,7,53,,Upgrade Armor*,,,,,
Prodigal Gloves,3386676796,"""6917529118138396027""",,Legendary,Gauntlets,,Warlock,950,Arc Energy Capacity,2,Warlock(967),true,false,2,4,,N/A,N/A,10,6,10,17,2,7,52,,Minor Resist*,Enhanced Hand Cannon Loader*,Upgrade Armor*,,,
Prodigal Robes,2454861732,"""6917529123825712190""",,Legendary,Chest Armor,,Warlock,948,Solar Energy Capacity,1,Warlock(967),false,false,2,4,,N/A,N/A,2,17,7,18,6,2,52,,Upgrade Armor*,,,,,
Iron Will Vestments,4128151712,"""6917529116019860445""",junk,Legendary,Chest Armor,ironbanner,Warlock,950,Solar Energy Capacity,8,Warlock(967),false,false,3,8,,N/A,N/A,7,6,13,7,11,9,53,,Major Resist*,Overload Grenades*,Disruptor Spike*,Iron Mossbone*,Upgrade Armor*,
Chromatic Fire,4057299718,"""6917529108345941078""",,Exotic,Chest Armor,,Warlock,938,Arc Energy Capacity,2,Warlock(967),false,false,2,4,,N/A,N/A,6,7,17,2,13,14,59,,Crystalline Transistor*,Upgrade Armor*,,,,
Phoenix Protocol,4057299719,"""6917529111219140375""",,Exotic,Chest Armor,,Warlock,928,Solar Energy Capacity,1,Warlock(967),false,false,2,4,,N/A,N/A,8,11,6,12,6,6,49,,Battle-Hearth*,Upgrade Armor*,,,,
Thorium Holt Robes,3717812073,"""6917529117596017409""",,Legendary,Chest Armor,,Warlock,949,Void Energy Capacity,2,Warlock(967),true,false,2,4,,N/A,N/A,12,2,13,16,6,2,51,,Upgrade Armor*,,,,,
Tangled Web Robes,2674524165,"""6917529121903782612""",,Legendary,Chest Armor,,Warlock,950,Arc Energy Capacity,1,Warlock(967),false,false,2,4,,N/A,N/A,8,10,6,12,7,7,50,,Upgrade Armor*,,,,,
Prodigal Robes,2454861732,"""6917529121910403116""",,Legendary,Chest Armor,,Warlock,947,Void Energy Capacity,2,Warlock(967),false,false,2,4,,N/A,N/A,13,12,2,2,7,17,53,,Upgrade Armor*,,,,,
Substitutional Alloy Robes,3166926328,"""6917529108323068189""",,Legendary,Chest Armor,vexoffensive,Warlock,938,Solar Energy Capacity,7,Warlock(967),true,false,3,8,,N/A,N/A,2,29,6,14,11,2,64,,Recovery Mod*,Echoes of Io*,Upgrade Armor*,Symmetrists' Habit*,,
Tangled Web Boots,1367655773,"""6917529116006494178""",,Legendary,Leg Armor,,Warlock,950,Arc Energy Capacity,6,Warlock(967),false,false,2,4,,N/A,N/A,26,2,13,12,2,13,68,,Mobility Mod*,Traction*,Upgrade Armor*,,,
Prophet Snow,2441435355,"""6917529116032506527""",junk,Rare,Leg Armor,,Warlock,950,Solar Energy Capacity,5,Warlock(967),false,false,2,4,,N/A,N/A,6,12,6,2,12,12,50,,Upgrade Armor*,,,,,
Prodigal Steps,2772485446,"""6917529117567542061""",,Legendary,Leg Armor,,Warlock,947,Arc Energy Capacity,1,Warlock(967),true,false,2,4,,N/A,N/A,23,2,2,13,6,6,52,,Upgrade Armor*,,,,,
Transversive Steps,138282166,"""6917529111960432571""",,Exotic,Leg Armor,,Warlock,949,Arc Energy Capacity,6,Warlock(967),true,false,1,1,,N/A,N/A,32,7,2,10,6,6,63,,Mobility Mod*,Traction*,Strange Protractor*,Echoes of Io*,Upgrade Armor*,
Iron Will Bond,3055410141,"""6917529116019853770""",,Legendary,Warlock Bond,ironbanner,Warlock,951,Arc Energy Capacity,6,Warlock(967),false,false,3,8,,N/A,N/A,0,0,0,0,0,0,0,,Oppressive Darkness*,Iron Mossbone*,Upgrade Armor*,,,
Dreambane Bond,2048903186,"""6917529121916349022""",,Legendary,Warlock Bond,moon,Warlock,950,Solar Energy Capacity,2,Warlock(967),false,false,3,8,,N/A,N/A,0,0,0,0,0,0,0,,Upgrade Armor*,,,,,
Prophet Snow,2441435355,"""6917529123847096078""",,Rare,Leg Armor,,Warlock,948,Void Energy Capacity,5,Warlock(967),false,false,2,4,,N/A,N/A,10,7,6,6,11,6,46,,Upgrade Armor*,,,,,
Substitutional Alloy Hood,2690973103,"""6917529113120593028""",,Legendary,Helmet,seasonpass,Warlock,950,Solar Energy Capacity,6,Warlock(967),true,true,3,8,,N/A,N/A,7,26,2,8,6,13,62,,Recovery Mod*,Fusion Rifle Targeting*,Echoes of Io*,Upgrade Armor*,Symmetrists' Mask*,
Tangled Web Gloves,4146408011,"""6917529111949585227""",,Legendary,Gauntlets,,Warlock,948,Void Energy Capacity,4,Warlock(967),true,true,2,4,,N/A,N/A,2,22,16,8,2,16,66,,Resilience Mod*,Scout Rifle Loader*,Echoes of Io*,Upgrade Armor*,Arms of Optimacy*,
Ankaa Seeker IV,2727890395,"""6917529115294772231""",,Legendary,Chest Armor,,Warlock,949,Solar Energy Capacity,4,Warlock(967),true,true,2,7,,N/A,N/A,2,33,2,8,10,7,62,,Recovery Mod*,Echoes of Io*,Upgrade Armor*,Robes of Optimacy*,,
Lunafaction Boots,4136768282,"""6917529109002761389""",,Exotic,Leg Armor,,Warlock,949,Void Energy Capacity,1,Warlock(967),false,true,1,1,,N/A,N/A,14,9,7,11,9,6,56,,Alchemical Etchings*,Upgrade Armor*,,,,
Temptation's Bond,3103335676,"""6917529112756965959""",,Legendary,Warlock Bond,garden,Warlock,950,Void Energy Capacity,4,Warlock(967),true,true,3,8,,N/A,N/A,0,10,0,0,0,0,10,,Recovery Mod*,Echoes of Io*,Upgrade Armor*,Bond of Optimacy*,,
Mask of the Quiet One,3883866764,"""6917529114412555183""",,Exotic,Helmet,,Titan,950,Void Energy Capacity,5,Titan(964),false,false,1,1,,N/A,N/A,12,13,4,6,16,6,57,,Dreaded Visage*,Upgrade Armor*,,,,
One-Eyed Mask,2578771006,"""6917529116441683791""",,Exotic,Helmet,,Titan,950,Void Energy Capacity,9,Titan(964),false,false,2,4,,N/A,N/A,6,13,17,6,6,10,58,,Resilience Mod*,Scatter Projectile Targeting*,Scout Rifle Targeting*,Vengeance*,New Age Black Armory*,Upgrade Armor*
Prodigal Helm,3691737472,"""6917529114537307823""",,Legendary,Helmet,,Titan,948,Void Energy Capacity,1,Titan(964),true,false,2,4,,N/A,N/A,8,10,7,17,12,2,56,Intellect,Upgrade Armor*,,,,,
Tangled Web Helm,2148295091,"""6917529113707324166""",,Legendary,Helmet,,Titan,950,Arc Energy Capacity,1,Titan(964),true,false,2,4,,N/A,N/A,2,12,11,12,13,2,52,Balanced,Biomonetizer*,Upgrade Armor*,Phenotype Plasticity Helm*,,,
Prodigal Gauntlets,1257810769,"""6917529121897786731""",,Legendary,Gauntlets,,Titan,950,Void Energy Capacity,3,Titan(964),false,false,2,4,,N/A,N/A,16,2,8,7,11,8,52,,Upgrade Armor*,,,,,
Legion-Bane,3867725217,"""6917529116519051868""",,Rare,Gauntlets,,Titan,949,Solar Energy Capacity,5,Titan(964),true,false,2,4,,N/A,N/A,2,12,12,2,22,2,52,,Upgrade Armor*,,,,,
Dreambane Plate,2568538788,"""6917529102792171714""",,Legendary,Chest Armor,moon,Titan,914,Void Energy Capacity,3,Titan(964),true,false,3,8,,N/A,N/A,7,6,11,12,2,12,50,Unique,Upgrade Armor*,,,,,
Legion-Bane,1775818231,"""6917529114602895047""",,Rare,Chest Armor,,Titan,948,Solar Energy Capacity,7,Titan(964),true,false,2,4,,N/A,N/A,8,2,16,2,22,2,52,Discipline,Upgrade Armor*,,,,,
Legion-Bane,1775818231,"""6917529114907448129""",,Rare,Chest Armor,,Titan,948,Void Energy Capacity,5,Titan(964),true,false,2,4,,N/A,N/A,22,2,2,7,6,12,51,Mobility,Upgrade Armor*,,,,,
Legion-Bane,1775818231,"""6917529116513542845""",,Rare,Chest Armor,,Titan,948,Solar Energy Capacity,5,Titan(964),true,false,2,4,,N/A,N/A,10,2,12,2,22,2,50,,Upgrade Armor*,,,,,
Mimetic Savior Greaves,1301696822,"""6917529118127658319""",,Legendary,Leg Armor,,Titan,948,Solar Energy Capacity,1,Titan(964),true,false,2,4,,N/A,N/A,13,12,2,6,12,6,51,,Upgrade Armor*,,,,,
Bulletsmith's Ire Greaves,2564183153,"""6917529121903787293""",,Legendary,Leg Armor,,Titan,950,Solar Energy Capacity,2,Titan(964),false,false,2,5,,N/A,N/A,7,17,6,2,6,20,58,,Midnight Smith*,Upgrade Armor*,,,,
Peacekeepers,3539357319,"""6917529114442129391""",,Exotic,Leg Armor,,Titan,950,Arc Energy Capacity,3,Titan(964),false,false,1,1,,N/A,N/A,8,2,19,7,8,12,56,,Mecha Holster*,Upgrade Armor*,,,,
Hardcase Stompers,2362809459,"""6917529116495555854""",,Rare,Leg Armor,,Titan,948,Arc Energy Capacity,5,Titan(964),true,false,2,4,,N/A,N/A,6,11,6,2,22,2,49,,Upgrade Armor*,,,,,
Iron Will Greaves,770140877,"""6917529116564588930""",junk,Legendary,Leg Armor,ironbanner,Titan,951,Solar Energy Capacity,4,Titan(964),true,false,3,8,,N/A,N/A,14,6,8,19,2,9,58,,Iron Mossbone*,Upgrade Armor*,,,,
Binary Phoenix Mark,468899627,"""6917529116507540044""",,Legendary,Titan Mark,,Titan,950,Solar Energy Capacity,2,Titan(964),false,false,1,1,,N/A,N/A,0,0,0,0,0,0,0,,Upgrade Armor*,,,,,
Prodigal Mark,875215126,"""6917529111997993739""",,Legendary,Titan Mark,,Titan,950,Arc Energy Capacity,9,Titan(964),true,false,2,4,,N/A,N/A,10,0,0,0,0,0,10,,Mobility Mod*,Thunder Coil*,New Age Black Armory*,Upgrade Armor*,Mark of Optimacy*,
Helm of Saint-14,106575079,"""6917529111966114835""",,Exotic,Helmet,,Titan,926,Void Energy Capacity,1,Titan(964),false,true,1,2,,N/A,N/A,2,11,11,12,6,6,48,,Biomonetizer*,Starless Night*,Upgrade Armor*,,,
Mimetic Savior Gauntlets,655964556,"""6917529113785915686""",junk,Legendary,Gauntlets,,Titan,950,Void Energy Capacity,4,Titan(964),false,true,2,4,,N/A,N/A,6,16,12,11,6,7,58,,Resilience Mod*,Scout Rifle Loader*,New Age Black Armory*,Upgrade Armor*,Arms of Optimacy*,
Prodigal Cuirass,3988753671,"""6917529114850968189""",,Legendary,Chest Armor,,Titan,949,Arc Energy Capacity,5,Titan(964),true,true,2,4,,N/A,N/A,12,18,6,7,2,19,64,Recovery + strength,Mobility Mod*,Unflinching Pulse Rifle Aim*,New Age Black Armory*,Upgrade Armor*,Plate of Optimacy*,
Legion-Bane,643145875,"""6917529114412558367""",,Rare,Leg Armor,,Titan,948,Void Energy Capacity,6,Titan(964),true,true,2,4,,N/A,N/A,17,23,2,10,7,6,65,Recovery,Mobility Mod*,Traction*,New Age Black Armory*,Upgrade Armor*,,
Binary Phoenix Mark,468899627,"""6917529116507533399""",,Legendary,Titan Mark,,Titan,950,Void Energy Capacity,3,Titan(964),false,true,1,1,,N/A,N/A,0,0,0,0,0,0,0,,Upgrade Armor*,,,,,
Primal Siege Type 1,1912568536,"""6917529116472374776""",junk,Rare,Chest Armor,,Titan,950,Solar Energy Capacity,5,Vault,false,false,2,4,,N/A,N/A,2,16,6,6,6,11,47,,Upgrade Armor*,,,,,
Shards of Galanor,691578979,"""6917529114202707117""",junk,Exotic,Gauntlets,,Hunter,950,Solar Energy Capacity,1,Vault,true,false,2,4,,N/A,N/A,7,6,11,12,6,6,48,,Sharp Edges*,Upgrade Armor*,,,,
Dreambane Gloves,682780965,"""6917529103931527933""",,Legendary,Gauntlets,moon,Warlock,860,Void Energy Capacity,2,Vault,true,false,3,8,,N/A,N/A,7,7,11,2,11,11,49,Unique,Dreambane Mod*,Upgrade Armor*,,,,
Iron Will Gloves,863444264,"""6917529115873512922""",,Legendary,Gauntlets,ironbanner,Warlock,950,Arc Energy Capacity,1,Vault,true,false,3,8,,N/A,N/A,10,17,2,12,17,2,60,Balanced + high total,Iron Mossbone*,Upgrade Armor*,,,,
Tangled Web Gloves,4146408011,"""6917529112065499759""",,Legendary,Gauntlets,,Warlock,950,Void Energy Capacity,5,Vault,true,false,2,4,,N/A,N/A,6,11,6,17,2,7,49,Intellect,Biomonetizer*,Sniper Rifle Loader*,Upgrade Armor*,,,
Mimetic Savior Bond,1425077417,"""6917529114560631520""",junk,Legendary,Titan Mark,,Titan,950,Solar Energy Capacity,1,Vault,false,false,2,4,,N/A,N/A,0,0,0,0,0,0,0,,Upgrade Armor*,,,,,
Prophet Snow,341343759,"""6917529116006493035""",,Rare,Chest Armor,,Warlock,950,Solar Energy Capacity,5,Vault,true,false,2,4,,N/A,N/A,2,22,2,10,2,10,48,Recovery,Upgrade Armor*,,,,,
Tangled Web Strides,2092750352,"""6917529111135110898""",junk,Legendary,Leg Armor,,Hunter,950,Void Energy Capacity,1,Vault,false,false,2,4,,N/A,N/A,2,12,13,7,13,7,54,,Upgrade Armor*,,,,,
Xenos Vale IV,3221304270,"""6917529108363385048""",,Legendary,Chest Armor,,Warlock,943,Solar Energy Capacity,1,Vault,true,false,1,1,,N/A,N/A,10,7,6,6,7,12,48,,Upgrade Armor*,,,,,
Tangled Web Robes,2674524165,"""6917529115845965426""",,Legendary,Chest Armor,,Warlock,950,Void Energy Capacity,2,Vault,true,false,2,4,,N/A,N/A,12,6,13,12,2,12,57,Balanced,Upgrade Armor*,,,,,
Iron Will Vestments,4128151712,"""6917529115913891272""",,Legendary,Chest Armor,ironbanner,Warlock,950,Arc Energy Capacity,1,Vault,true,false,3,8,,N/A,N/A,2,19,9,13,6,9,58,Recovery + intellect,Iron Mossbone*,Upgrade Armor*,,,,
Solstice Hood (Majestic),2546370410,"""6917529101529557673""",,Legendary,Helmet,,Warlock,750,Solar Energy Capacity,5,Vault,true,false,2,7,,N/A,N/A,10,10,2,12,6,6,46,,Upgrade Armor*,Remove Armor Glow*,,,,
Ankaa Seeker IV,2727890395,"""6917529115919765139""",,Legendary,Chest Armor,,Warlock,950,Solar Energy Capacity,3,Vault,true,false,2,7,,N/A,N/A,2,11,11,12,12,2,50,Balanced,Upgrade Armor*,,,,,
Solstice Robes (Majestic),450844637,"""6917529101512514006""",,Legendary,Chest Armor,,Warlock,750,Solar Energy Capacity,5,Vault,true,false,2,7,,N/A,N/A,10,10,2,12,12,2,48,,Upgrade Armor*,Remove Armor Glow*,,,,
Xenos Vale IV,417061387,"""6917529109025113108""",,Legendary,Helmet,,Warlock,950,Void Energy Capacity,4,Vault,true,false,1,1,,N/A,N/A,24,2,2,13,13,2,56,Mobility,Circuit Scavenger*,Enhanced Relay Defender*,Upgrade Armor*,Symmetrists' Mask*,,
Nezarec's Sin,3381022971,"""6917529103587841700""",,Exotic,Helmet,,Warlock,916,Void Energy Capacity,1,Vault,false,false,1,1,,N/A,N/A,10,7,7,6,6,10,46,,Abyssal Extractors*,Upgrade Armor*,,,,
Crown of Tempests,3381022969,"""6917529108323066404""",,Exotic,Helmet,,Warlock,918,Arc Energy Capacity,1,Vault,false,false,1,1,,N/A,N/A,13,7,6,12,6,6,50,,Conduction Tines*,Upgrade Armor*,Crown Joules*,,,
The Stag,2177524718,"""6917529112037204857""",,Exotic,Helmet,,Warlock,949,Void Energy Capacity,2,Vault,false,false,1,2,,N/A,N/A,11,4,15,8,13,7,58,,Dearly Departed*,Upgrade Armor*,,,,
Ankaa Seeker IV,1852468615,"""6917529115913891053""",junk,Legendary,Leg Armor,,Warlock,950,Arc Energy Capacity,2,Vault,false,false,2,7,,N/A,N/A,7,12,7,6,6,11,49,,Upgrade Armor*,,,,,
Mythos Hack 4.1,1045948748,"""6917529111391699178""",,Rare,Gauntlets,,Hunter,950,Solar Energy Capacity,5,Vault,true,false,2,4,,N/A,N/A,11,10,2,2,22,2,49,Discipline,Metallic Sunset*,Upgrade Armor*,,,,
Gunsmith's Devotion Robes,4092373800,"""6917529121891557137""",,Legendary,Chest Armor,,Warlock,949,Arc Energy Capacity,2,Vault,false,false,2,5,,N/A,N/A,21,2,6,12,2,12,55,,Midnight Smith*,Upgrade Armor*,,,,
Dreambane Bond,2048903186,"""6917529103879713969""",,Legendary,Warlock Bond,moon,Warlock,860,Void Energy Capacity,1,Vault,true,false,3,8,,N/A,N/A,0,0,0,0,0,0,0,Unique,Dreambane Mod*,Upgrade Armor*,,,,
Iron Will Bond,3055410141,"""6917529115907692113""",,Legendary,Warlock Bond,ironbanner,Warlock,950,Solar Energy Capacity,3,Vault,true,false,3,8,,N/A,N/A,0,0,0,0,0,0,0,Unique,Iron Mossbone*,Upgrade Armor*,,,,
War Mantis,803939997,"""6917529118663014348""",,Rare,Gauntlets,,Hunter,949,Arc Energy Capacity,5,Vault,true,false,2,4,,N/A,N/A,33,8,9,0,0,0,50,,Upgrade Armor*,,,,,
Binary Phoenix Bond,1467590642,"""6917529115851623836""",junk,Legendary,Warlock Bond,,Warlock,950,Arc Energy Capacity,4,Vault,false,false,1,1,,N/A,N/A,0,0,0,0,0,0,0,,Upgrade Armor*,,,,,
Solstice Gloves (Majestic),2127474099,"""6917529101518368268""",,Legendary,Gauntlets,,Warlock,750,Solar Energy Capacity,5,Vault,true,false,2,7,,N/A,N/A,10,6,6,2,12,12,48,,Upgrade Armor*,Remove Armor Glow*,,,,
Binary Phoenix Bond,1467590642,"""6917529115890454211""",junk,Legendary,Warlock Bond,,Warlock,950,Arc Energy Capacity,3,Vault,false,false,1,1,,N/A,N/A,0,0,0,0,0,0,0,,Upgrade Armor*,,,,,
Orpheus Rig,193869523,"""6917529104359131892""",,Exotic,Leg Armor,,Hunter,926,Arc Energy Capacity,7,Vault,true,false,1,1,,N/A,N/A,12,6,6,12,6,6,48,,Minor Resist*,Shotgun Scavenger*,Uncanny Arrows*,Upgrade Armor*,,
Tangled Web Bond,1330542168,"""6917529113363911911""",junk,Legendary,Warlock Bond,,Warlock,950,Solar Energy Capacity,5,Vault,false,false,2,4,,N/A,N/A,0,0,0,0,0,0,0,,Upgrade Armor*,,,,,
Dreambane Helm,272413517,"""6917529101871710312""",,Legendary,Helmet,moon,Titan,860,Arc Energy Capacity,3,Vault,true,false,3,8,,N/A,N/A,17,2,6,11,2,10,48,Unique,Dreambane Mod*,Upgrade Armor*,,,,
Iron Will Steps,1498852482,"""6917529115907692621""",junk,Legendary,Leg Armor,ironbanner,Warlock,950,Arc Energy Capacity,2,Vault,false,false,3,8,,N/A,N/A,8,6,16,9,2,17,58,,Iron Mossbone*,Upgrade Armor*,,,,
Tangled Web Helm,2148295091,"""6917529116525281506""",junk,Legendary,Helmet,,Titan,950,Solar Energy Capacity,1,Vault,false,false,2,4,,N/A,N/A,14,6,8,6,17,2,53,,Upgrade Armor*,,,,,
War Mantis,4155348771,"""6917529118755541848""",,Rare,Chest Armor,,Hunter,948,Arc Energy Capacity,5,Vault,false,false,2,4,,N/A,N/A,6,8,12,7,10,8,51,,Upgrade Armor*,,,,,
Iron Will Helm,1895324274,"""6917529116564588269""",junk,Legendary,Helmet,ironbanner,Titan,950,Void Energy Capacity,1,Vault,false,false,3,8,,N/A,N/A,7,6,15,12,7,7,54,,Iron Mossbone*,Upgrade Armor*,,,,
Thorium Holt Boots,1148805553,"""6917529113385646557""",junk,Legendary,Leg Armor,,Warlock,950,Arc Energy Capacity,2,Vault,false,false,2,4,,N/A,N/A,2,12,16,6,6,13,55,,Upgrade Armor*,,,,,
Iron Will Helm,1895324274,"""6917529116564585573""",junk,Legendary,Helmet,ironbanner,Titan,951,Void Energy Capacity,5,Vault,false,false,3,8,,N/A,N/A,8,7,12,14,7,9,57,,Iron Mossbone*,Upgrade Armor*,,,,
Shards of Galanor,691578979,"""6917529114225890756""",junk,Exotic,Gauntlets,,Hunter,950,Solar Energy Capacity,1,Vault,false,false,2,4,,N/A,N/A,7,6,11,12,6,6,48,,Sharp Edges*,Upgrade Armor*,,,,
Dreambane Boots,1030110631,"""6917529108916018669""",,Legendary,Leg Armor,moon,Warlock,945,Arc Energy Capacity,1,Vault,true,false,3,8,,N/A,N/A,10,8,12,7,6,12,55,Unique,Resistant Tether*,Upgrade Armor*,,,,
War Mantis,856745412,"""6917529119364814554""",,Rare,Helmet,,Hunter,948,Arc Energy Capacity,5,Vault,true,false,2,4,,N/A,N/A,22,2,2,2,10,12,50,,Upgrade Armor*,,,,,
Shards of Galanor,691578979,"""6917529114231640727""",junk,Exotic,Gauntlets,,Hunter,950,Solar Energy Capacity,1,Vault,false,false,2,4,,N/A,N/A,7,6,11,12,6,6,48,,Sharp Edges*,Upgrade Armor*,,,,
Geomag Stabilizers,121305948,"""6917529105875982049""",,Exotic,Leg Armor,,Warlock,935,Arc Energy Capacity,5,Vault,false,false,2,4,,N/A,N/A,12,8,7,20,6,6,59,,Intellect Mod*,Close Enough*,Upgrade Armor*,Electromag Stabilizers*,,
Mimetic Savior Greaves,1301696822,"""6917529114573121256""",junk,Legendary,Leg Armor,,Titan,950,Arc Energy Capacity,3,Vault,false,false,2,4,,N/A,N/A,18,7,2,8,8,10,53,,Upgrade Armor*,,,,,
Mimetic Savior Plate,639670612,"""6917529114542729131""",junk,Legendary,Chest Armor,,Titan,950,Void Energy Capacity,1,Vault,false,false,2,4,,N/A,N/A,19,7,2,2,14,13,57,,Upgrade Armor*,,,,,
Mimetic Savior Plate,639670612,"""6917529114400495237""",junk,Legendary,Chest Armor,,Titan,950,Arc Energy Capacity,2,Vault,false,false,2,4,,N/A,N/A,2,18,7,6,2,18,53,,Upgrade Armor*,,,,,
Gauntlets of Exaltation,3887559710,"""6917529110560032119""",,Legendary,Gauntlets,garden,Titan,947,Solar Energy Capacity,5,Vault,true,false,3,8,,N/A,N/A,12,11,7,8,12,8,58,Unique,Circuit Scavenger*,Enhanced Relay Defender*,Upgrade Armor*,,,
Iron Will Gauntlets,2320100699,"""6917529116559022801""",junk,Legendary,Gauntlets,ironbanner,Titan,951,Arc Energy Capacity,2,Vault,true,false,3,8,,N/A,N/A,7,18,2,13,6,9,55,,Iron Mossbone*,Upgrade Armor*,,,,
Mimetic Savior Gauntlets,655964556,"""6917529114567106345""",junk,Legendary,Gauntlets,,Titan,950,Void Energy Capacity,5,Vault,false,false,2,4,,N/A,N/A,6,8,12,2,6,17,51,,Upgrade Armor*,,,,,
Mimetic Savior Greaves,1301696822,"""6917529111997995608""",,Legendary,Leg Armor,,Titan,944,Arc Energy Capacity,2,Vault,true,false,2,4,,N/A,N/A,7,10,6,2,16,6,47,Discipline,Upgrade Armor*,,,,,
Iron Will Boots,1469050017,"""6917529115962470375""",,Legendary,Leg Armor,ironbanner,Hunter,949,Void Energy Capacity,2,Vault,true,false,3,8,,N/A,N/A,10,14,6,7,19,2,58,Discipline + recovery,Iron Mossbone*,Upgrade Armor*,,,,
Ancient Apocalypse Mask,3537476911,"""6917529121391765575""",,Legendary,Helmet,,Hunter,948,Void Energy Capacity,2,Vault,false,false,2,4,,N/A,N/A,2,17,6,12,6,7,50,,Gambit Leather*,Upgrade Armor*,,,,
Tangled Web Gauntlets,107232578,"""6917529114507108152""",junk,Legendary,Gauntlets,,Titan,950,Void Energy Capacity,1,Vault,false,false,2,4,,N/A,N/A,6,12,6,6,6,12,48,,Upgrade Armor*,,,,,
Tangled Web Mark,545134223,"""6917529113942328277""",junk,Legendary,Titan Mark,,Titan,950,Arc Energy Capacity,6,Vault,false,false,2,4,,N/A,N/A,0,0,0,0,0,0,0,,Upgrade Armor*,,,,,
Red Moon Phantom Steps,1213841242,"""6917529123071270153""",,Legendary,Leg Armor,,Hunter,950,Void Energy Capacity,1,Vault,false,false,2,4,,N/A,N/A,6,19,2,6,12,7,52,,Upgrade Armor*,,,,,
Iron Will Mark,1234228360,"""6917529116564584421""",junk,Legendary,Titan Mark,ironbanner,Titan,951,Solar Energy Capacity,2,Vault,true,false,3,8,,N/A,N/A,0,0,0,0,0,0,0,,Iron Mossbone*,Upgrade Armor*,,,,
Iron Will Mark,1234228360,"""6917529116564588848""",junk,Legendary,Titan Mark,ironbanner,Titan,950,Arc Energy Capacity,1,Vault,false,false,3,8,,N/A,N/A,0,0,0,0,0,0,0,,Iron Mossbone*,Upgrade Armor*,,,,
Swordflight 4.1,1904811766,"""6917529111295829844""",,Legendary,Chest Armor,,Hunter,950,Arc Energy Capacity,6,Vault,true,false,1,1,,N/A,N/A,12,22,2,12,12,2,62,Balanced,Recovery Mod*,Unflinching Shotgun Aim*,Polished Sea Stone*,Upgrade Armor*,Intrepid Discovery Vest*,
Prodigal Strides,3516789127,"""6917529112625018755""",,Legendary,Leg Armor,,Hunter,949,Solar Energy Capacity,3,Vault,true,false,2,4,,N/A,N/A,6,12,7,18,8,2,53,Intellect + recovery?,Upgrade Armor*,,,,,
Swordflight 4.1,1801625827,"""6917529111163308607""",,Legendary,Helmet,,Hunter,950,Void Energy Capacity,2,Vault,true,false,1,1,,N/A,N/A,25,2,2,13,2,11,55,Mobility,Upgrade Armor*,Mask of Optimacy*,,,,
Tangled Web Grips,880368054,"""6917529109773845431""",,Legendary,Gauntlets,,Hunter,950,Arc Energy Capacity,3,Vault,false,false,2,4,,N/A,N/A,2,12,13,7,27,2,63,,Discipline Mod*,Upgrade Armor*,,,,
Swordflight 4.1,1801625827,"""6917529115073625977""",,Legendary,Helmet,,Hunter,949,Void Energy Capacity,4,Vault,true,false,1,1,,N/A,N/A,2,2,24,8,12,6,54,Resilience,Upgrade Armor*,,,,,
Sealed Ahamkara Grasps,1688602431,"""6917529115163506960""",,Exotic,Gauntlets,,Hunter,950,Solar Energy Capacity,1,Vault,false,false,1,3,,N/A,N/A,17,6,8,18,7,2,58,,Nightmare Fuel*,Upgrade Armor*,,,,
Solstice Boots (Majestic),1862324869,"""6917529101529553925""",,Legendary,Leg Armor,,Warlock,750,Solar Energy Capacity,5,Vault,true,false,2,7,,N/A,N/A,10,10,2,2,6,16,46,,Upgrade Armor*,Remove Armor Glow*,,,,
Foetracer,896224899,"""6917529116994869777""",,Exotic,Helmet,,Hunter,950,Void Energy Capacity,3,Vault,false,false,1,1,,N/A,N/A,14,13,2,10,13,6,58,,Relentless Tracker*,Upgrade Armor*,,,,
War Mantis,803939997,"""6917529111245758681""",,Rare,Gauntlets,,Hunter,950,Solar Energy Capacity,5,Vault,true,false,2,4,,N/A,N/A,18,19,12,10,0,0,59,,Intellect Mod*,Gambit Emerald*,Upgrade Armor*,,,
Helm of Righteousness,519078295,"""6917529110626544273""",,Legendary,Helmet,garden,Titan,949,Arc Energy Capacity,3,Vault,true,false,3,8,,N/A,N/A,7,11,9,2,20,7,56,Unique + discipline,Upgrade Armor*,,,,,
Iron Will Mask,1098138990,"""6917529116559026635""",,Legendary,Helmet,ironbanner,Hunter,950,Void Energy Capacity,5,Vault,true,false,3,8,,N/A,N/A,7,15,8,14,6,8,58,Recovery + intellect,Iron Mossbone*,Upgrade Armor*,,,,
War Mantis,2745108287,"""6917529118651901956""",,Rare,Leg Armor,,Hunter,949,Solar Energy Capacity,5,Vault,true,false,2,4,,N/A,N/A,23,2,2,6,6,11,50,,Upgrade Armor*,,,,,
Fr0st-EE5,609852545,"""6917529119256748071""",,Exotic,Leg Armor,,Hunter,930,Arc Energy Capacity,3,Vault,false,false,1,3,,N/A,N/A,18,6,2,6,6,20,58,,Strength Mod*,Rapid Cooldown*,Warbrick*,Upgrade Armor*,,
Substitutional Alloy Grips,4026120125,"""6917529110306990428""",,Legendary,Gauntlets,seasonpass,Hunter,945,Arc Energy Capacity,6,Vault,true,false,3,8,,N/A,N/A,16,2,10,11,13,2,54,"Mobility, discipline",Upgrade Armor*,,,,,
Solstice Bond (Majestic),2337290000,"""6917529101529558008""",,Legendary,Warlock Bond,,Warlock,750,Solar Energy Capacity,5,Vault,true,false,2,7,,N/A,N/A,0,0,0,0,0,0,0,,Upgrade Armor*,Remove Armor Glow*,,,,
Ancient Apocalypse Mask,3537476911,"""6917529121397027246""",,Legendary,Helmet,,Hunter,950,Void Energy Capacity,1,Vault,false,false,2,4,,N/A,N/A,16,2,8,13,12,2,53,,Gambit Leather*,Upgrade Armor*,,,,
War Mantis,803939997,"""6917529118221967123""",,Rare,Gauntlets,,Hunter,950,Solar Energy Capacity,5,Vault,true,false,2,4,,N/A,N/A,29,8,13,0,0,0,50,,Upgrade Armor*,,,,,
Substitutional Alloy Grips,4026120125,"""6917529112690770540""",,Legendary,Gauntlets,seasonpass,Hunter,950,Arc Energy Capacity,2,Vault,true,false,3,8,,N/A,N/A,2,2,22,7,6,12,51,Resilience,Upgrade Armor*,,,,,
Greaves of Ascendancy,11974904,"""6917529110543069067""",,Legendary,Leg Armor,garden,Titan,940,Arc Energy Capacity,2,Vault,true,false,3,8,,N/A,N/A,2,7,19,2,6,20,56,Strength + resilience,Upgrade Armor*,,,,,
Swordflight 4.1,2473130418,"""6917529110340066870""",junk,Legendary,Gauntlets,,Hunter,950,Arc Energy Capacity,3,Vault,true,false,1,1,,N/A,N/A,8,2,18,11,9,6,54,,Enhanced Resistant Tether*,Upgrade Armor*,,,,
Hardcase Stompers,2362809459,"""6917529114931049265""",junk,Rare,Leg Armor,,Titan,950,Arc Energy Capacity,5,Vault,false,false,2,4,,N/A,N/A,11,6,6,10,6,6,45,,Upgrade Armor*,,,,,
Iron Will Sleeves,2547799775,"""6917529116564591181""",,Legendary,Gauntlets,ironbanner,Hunter,950,Solar Energy Capacity,4,Vault,true,false,3,8,,N/A,N/A,6,9,14,2,7,31,69,Strength,Strength Mod*,Auto Rifle Loader*,Warbrick*,Upgrade Armor*,,
Swordflight 4.1,1904811766,"""6917529110374509071""",,Legendary,Chest Armor,,Hunter,950,Solar Energy Capacity,6,Vault,true,false,1,1,,N/A,N/A,2,17,8,2,26,8,63,,Discipline Mod*,Enhanced Relay Defender*,Gambit Emerald*,Upgrade Armor*,Vest of Optimacy*,
Red Moon Phantom Steps,1213841242,"""6917529119262963618""",,Legendary,Leg Armor,,Hunter,947,Arc Energy Capacity,1,Vault,true,false,2,4,,N/A,N/A,11,2,13,2,2,22,52,,Upgrade Armor*,,,,,
Celestial Nighthawk,1321354573,"""6917529104925522131""",,Exotic,Helmet,,Hunter,950,Solar Energy Capacity,8,Vault,false,false,1,1,,N/A,N/A,7,6,13,12,6,6,50,,Minor Resist*,Scatter Projectile Targeting*,Hawkeye Hack*,Upgrade Armor*,,
The Outlander's Heart,1701236611,"""6917529111191712908""",,Rare,Chest Armor,,Hunter,950,Void Energy Capacity,8,Vault,true,false,2,4,,N/A,N/A,7,28,2,2,12,12,63,,Recovery Mod*,Unflinching Hand Cannon Aim*,Gambit Emerald*,Upgrade Armor*,,
War Mantis,803939997,"""6917529118165575323""",,Rare,Gauntlets,,Hunter,948,Arc Energy Capacity,5,Vault,true,false,2,4,,N/A,N/A,31,13,9,0,0,0,53,,Upgrade Armor*,,,,,
Cloak of Temptation,3549177695,"""6917529109658272530""",,Legendary,Hunter Cloak,garden,Hunter,944,Void Energy Capacity,3,Vault,true,false,3,8,,N/A,N/A,0,0,0,0,0,0,0,GoS,Major Resist*,Upgrade Armor*,,,,
Red Moon Phantom Mask,432525353,"""6917529118634362469""",,Legendary,Helmet,,Hunter,948,Arc Energy Capacity,2,Vault,true,false,2,4,,N/A,N/A,2,17,7,2,23,2,53,,Upgrade Armor*,,,,,
Tangled Web Mask,3061780015,"""6917529120842577392""",,Legendary,Helmet,,Hunter,949,Void Energy Capacity,3,Vault,true,false,2,4,,N/A,N/A,7,12,8,14,11,2,54,,Upgrade Armor*,,,,,
Dreambane Cowl,659922705,"""6917529103079740347""",,Legendary,Helmet,moon,Hunter,860,Void Energy Capacity,2,Vault,false,false,3,8,,N/A,N/A,2,12,10,2,13,12,51,,Dreambane Mod*,Upgrade Armor*,,,,
Prodigal Vest,3434158555,"""6917529111267827104""",,Legendary,Chest Armor,,Hunter,950,Arc Energy Capacity,3,Vault,true,false,2,4,,N/A,N/A,19,6,2,2,22,12,63,Mobility,Discipline Mod*,Upgrade Armor*,,,,
Iron Will Boots,1469050017,"""6917529115986938571""",,Legendary,Leg Armor,ironbanner,Hunter,949,Arc Energy Capacity,1,Vault,true,false,3,8,,N/A,N/A,7,13,7,14,7,7,55,Recovery + intellect,Iron Mossbone*,Upgrade Armor*,,,,
The Dragon's Shadow,2766109874,"""6917529103587838682""",,Exotic,Chest Armor,,Hunter,916,Solar Energy Capacity,8,Vault,false,false,1,1,,N/A,N/A,3,15,13,6,14,6,57,,Minor Resist*,Auto Rifle Reserves*,Submachine Gun Reserves*,Wraithmetal Mail*,Upgrade Armor*,
Swordflight 4.1,2473130418,"""6917529115133694894""",,Legendary,Gauntlets,,Hunter,950,Solar Energy Capacity,2,Vault,true,false,1,1,,N/A,N/A,2,12,10,12,12,2,50,Balanced,Upgrade Armor*,,,,,
The Sixth Coyote,1474735277,"""6917529103587837188""",,Exotic,Chest Armor,,Hunter,914,Void Energy Capacity,1,Vault,false,false,2,4,,N/A,N/A,11,7,7,6,10,6,47,,Double Dodge*,Upgrade Armor*,,,,
Liar's Handshake,4165919945,"""6917529103108976255""",,Exotic,Gauntlets,,Hunter,920,Arc Energy Capacity,2,Vault,true,false,2,6,,N/A,N/A,12,6,6,6,6,12,48,,Arc Resistance*,Enhanced Submachine Gun Loader*,Cross Counter*,Upgrade Armor*,,
Shadow Specter,3160437036,"""6917529117664579538""",,Rare,Gauntlets,,Hunter,948,Void Energy Capacity,5,Vault,true,false,2,4,,N/A,N/A,11,12,2,6,2,16,49,,Upgrade Armor*,,,,,
Assassin's Cowl,2203146422,"""6917529103103283271""",,Exotic,Helmet,,Hunter,918,Void Energy Capacity,7,Vault,true,false,3,8,,N/A,N/A,16,2,6,2,6,16,48,,Minor Resist*,Vanishing Execution*,Upgrade Armor*,,,
Shadow Specter,3160437036,"""6917529117011250888""",,Rare,Gauntlets,,Hunter,948,Solar Energy Capacity,5,Vault,true,false,2,4,,N/A,N/A,8,6,11,2,22,2,51,Discipline,Upgrade Armor*,,,,,
Substitutional Alloy Grips,4026120125,"""6917529117011250533""",,Legendary,Gauntlets,seasonpass,Hunter,948,Arc Energy Capacity,5,Vault,true,false,3,8,,N/A,N/A,2,22,2,7,11,10,54,Recovery,Upgrade Armor*,,,,,
War Mantis,803939997,"""6917529117091300849""",,Rare,Gauntlets,,Hunter,948,Arc Energy Capacity,5,Vault,true,false,2,4,,N/A,N/A,13,8,29,0,0,0,50,Resilience,Upgrade Armor*,,,,,
War Mantis,2745108287,"""6917529118749966761""",,Rare,Leg Armor,,Hunter,949,Solar Energy Capacity,5,Vault,true,false,2,4,,N/A,N/A,11,6,7,2,23,2,51,,Upgrade Armor*,,,,,
Tangled Web Grips,880368054,"""6917529121474802234""",junk,Legendary,Gauntlets,,Hunter,951,Void Energy Capacity,5,Vault,false,false,2,4,,N/A,N/A,13,11,2,7,6,10,49,,Upgrade Armor*,,,,,
Mythos Hack 4.1,1045948748,"""6917529116989390840""",,Rare,Gauntlets,,Hunter,947,Void Energy Capacity,5,Vault,true,false,2,4,,N/A,N/A,23,2,2,2,6,16,51,Mobility,Metallic Sunrise*,Upgrade Armor*,,,,
Thorium Holt Hood,1728789982,"""6917529113179540355""",,Legendary,Helmet,,Warlock,950,Solar Energy Capacity,1,Vault,true,false,2,4,,N/A,N/A,2,11,10,2,2,24,51,Strength,Upgrade Armor*,,,,,
War Mantis,4155348771,"""6917529117652054995""",,Rare,Chest Armor,,Hunter,948,Arc Energy Capacity,5,Vault,true,false,2,4,,N/A,N/A,11,7,7,2,22,2,51,,Upgrade Armor*,,,,,
Swordflight 4.1,1904811766,"""6917529122442229974""",,Legendary,Chest Armor,,Hunter,951,Void Energy Capacity,1,Vault,false,false,1,1,,N/A,N/A,7,15,6,2,17,7,54,,Upgrade Armor*,,,,,
War Mantis,4155348771,"""6917529118651895803""",,Rare,Chest Armor,,Hunter,947,Solar Energy Capacity,5,Vault,true,false,2,4,,N/A,N/A,2,2,22,6,2,16,50,,Upgrade Armor*,,,,,
Substitutional Alloy Grips,4026120125,"""6917529117126414977""",,Legendary,Gauntlets,seasonpass,Hunter,948,Arc Energy Capacity,4,Vault,true,false,3,8,,N/A,N/A,2,23,2,7,8,10,52,Recovery,Upgrade Armor*,,,,,
Mythos Hack 4.1,747210772,"""6917529116983758850""",,Rare,Chest Armor,,Hunter,949,Arc Energy Capacity,5,Vault,true,false,2,4,,N/A,N/A,12,12,2,2,6,16,50,Strength + recovery,Metallic Sunset*,Upgrade Armor*,,,,
Dreambane Gauntlets,925079356,"""6917529101849935137""",,Legendary,Gauntlets,moon,Titan,860,Arc Energy Capacity,1,Vault,true,false,3,8,,N/A,N/A,6,7,14,6,2,17,52,Unique,Dreambane Mod*,Upgrade Armor*,,,,
Shadow Specter,3309120116,"""6917529115163509081""",,Rare,Chest Armor,,Hunter,948,Arc Energy Capacity,5,Vault,true,false,2,4,,N/A,N/A,6,16,2,2,22,2,50,,Upgrade Armor*,,,,,
Binary Phoenix Cloak,1658896287,"""6917529112414672978""",junk,Legendary,Hunter Cloak,,Hunter,950,Void Energy Capacity,2,Vault,false,false,1,1,,N/A,N/A,0,0,0,0,0,0,0,,Upgrade Armor*,,,,,
Helm of Righteousness,519078295,"""6917529113899580806""",,Legendary,Helmet,garden,Titan,948,Arc Energy Capacity,1,Vault,true,false,3,8,,N/A,N/A,6,2,21,8,7,13,57,Resilience,Upgrade Armor*,,,,,
Phoenix Protocol,4057299719,"""6917529108199696663""",,Exotic,Chest Armor,,Warlock,916,Solar Energy Capacity,1,Vault,false,false,2,4,,N/A,N/A,8,11,6,12,6,6,49,,Battle-Hearth*,Upgrade Armor*,,,,
The Sixth Coyote,1474735277,"""6917529121843098076""",,Exotic,Chest Armor,,Hunter,931,Void Energy Capacity,4,Vault,false,false,2,4,,N/A,N/A,11,7,7,6,10,6,47,,Paragon Mod*,Double Dodge*,Upgrade Armor*,,,
War Mantis,2745108287,"""6917529119364819068""",,Rare,Leg Armor,,Hunter,950,Arc Energy Capacity,5,Vault,true,false,2,4,,N/A,N/A,12,6,6,2,2,22,50,,Upgrade Armor*,,,,,
Iron Will Boots,1469050017,"""6917529115986934603""",,Legendary,Leg Armor,ironbanner,Hunter,949,Arc Energy Capacity,7,Vault,true,false,3,8,,N/A,N/A,7,23,14,20,8,2,74,Intellect + recovery,Recovery Mod*,Traction*,Polished Sea Stone*,Upgrade Armor*,Intrepid Discovery Strides*,
Knucklehead Radar,1321354572,"""6917529111324604713""",,Exotic,Helmet,,Hunter,930,Void Energy Capacity,1,Vault,false,false,1,1,,N/A,N/A,11,10,3,2,22,2,50,,Upgraded Sensor Pack*,Upgrade Armor*,,,,
Iron Will Mask,1098138990,"""6917529115993600340""",,Legendary,Helmet,ironbanner,Hunter,949,Void Energy Capacity,2,Vault,true,false,3,8,,N/A,N/A,7,10,14,9,8,11,59,,Iron Mossbone*,Upgrade Armor*,,,,
Prodigal Grasps,3593916933,"""6917529119952561213""",,Legendary,Gauntlets,,Hunter,950,Solar Energy Capacity,2,Vault,false,false,2,4,,N/A,N/A,2,6,19,8,2,18,55,,Upgrade Armor*,,,,,
Grips of Exaltation,1653741426,"""6917529119942053555""",,Legendary,Gauntlets,garden,Hunter,951,Solar Energy Capacity,3,Vault,false,false,3,8,,N/A,N/A,2,13,14,8,8,11,56,,Upgrade Armor*,,,,,
Cowl of Righteousness,557676195,"""6917529119942054240""",,Legendary,Helmet,garden,Hunter,952,Solar Energy Capacity,2,Vault,false,false,3,8,,N/A,N/A,9,9,10,9,9,11,57,,Upgrade Armor*,,,,,
Cowl of Righteousness,557676195,"""6917529119935766673""",,Legendary,Helmet,garden,Hunter,950,Void Energy Capacity,2,Vault,false,false,3,8,,N/A,N/A,8,14,8,6,15,6,57,,Upgrade Armor*,,,,,
Cloak of Temptation,3549177695,"""6917529119942057201""",,Legendary,Hunter Cloak,garden,Hunter,948,Solar Energy Capacity,1,Vault,false,false,3,8,,N/A,N/A,0,0,0,0,0,0,0,,Upgrade Armor*,,,,,
Swordflight 4.1,3298826188,"""6917529120291953848""",,Legendary,Leg Armor,,Hunter,951,Void Energy Capacity,2,Vault,false,false,1,1,,N/A,N/A,16,6,2,8,2,18,52,,Upgrade Armor*,,,,,
Binary Phoenix Cloak,1658896287,"""6917529120286182836""",junk,Legendary,Hunter Cloak,,Hunter,951,Arc Energy Capacity,2,Vault,true,false,1,1,,N/A,N/A,0,0,0,0,0,0,0,,Upgrade Armor*,,,,,
Celestial Nighthawk,1321354573,"""6917529120297779067""",,Exotic,Helmet,,Hunter,951,Void Energy Capacity,1,Vault,false,false,1,1,,N/A,N/A,16,9,8,17,6,6,62,,Hawkeye Hack*,Upgrade Armor*,,,,
Shadow Specter,4052950089,"""6917529111224119451""",junk,Rare,Hunter Cloak,,Hunter,950,Void Energy Capacity,5,Vault,false,false,2,4,,N/A,N/A,0,0,0,0,0,0,0,,Upgrade Armor*,,,,,
Mask of the Great Hunt,1190016345,"""6917529120346111214""",,Legendary,Helmet,,Hunter,949,Solar Energy Capacity,4,Vault,false,false,2,4,,N/A,N/A,6,14,8,12,6,9,55,,Upgrade Armor*,,,,,
Swordflight 4.1,1904811766,"""6917529111290269130""",junk,Legendary,Chest Armor,,Hunter,950,Solar Energy Capacity,4,Vault,false,false,1,1,,N/A,N/A,13,2,12,2,11,11,51,,Upgrade Armor*,,,,,
War Mantis,803939997,"""6917529121412912365""",,Rare,Gauntlets,,Hunter,950,Arc Energy Capacity,5,Vault,true,false,2,4,,N/A,N/A,24,8,18,0,0,0,50,,Upgrade Armor*,,,,,
Tangled Web Mask,3061780015,"""6917529120380301235""",junk,Legendary,Helmet,,Hunter,951,Solar Energy Capacity,4,Vault,false,false,2,4,,N/A,N/A,13,6,7,6,6,14,52,,Upgrade Armor*,,,,,
Iron Will Mask,1098138990,"""6917529115139708507""",junk,Legendary,Helmet,ironbanner,Hunter,950,Void Energy Capacity,2,Vault,false,false,3,8,,N/A,N/A,11,6,8,7,6,14,52,,Iron Mossbone*,Upgrade Armor*,,,,
Oathkeeper,691578978,"""6917529109768620099""",,Exotic,Gauntlets,,Hunter,950,Arc Energy Capacity,4,Vault,false,false,2,4,,N/A,N/A,8,29,2,7,6,15,67,,Recovery Mod*,Adamantine Brace*,Polished Sea Stone*,Upgrade Armor*,,
Vest of the Great Hunt,2868042232,"""6917529120324726412""",,Legendary,Chest Armor,,Hunter,950,Void Energy Capacity,2,Vault,false,false,2,4,,N/A,N/A,12,8,10,6,15,7,58,,Upgrade Armor*,,,,,
Tangled Web Strides,2092750352,"""6917529116983759421""",,Legendary,Leg Armor,,Hunter,949,Solar Energy Capacity,4,Vault,true,false,2,4,,N/A,N/A,7,20,8,17,2,7,61,Intellect + recovery,Recovery Mod*,Upgrade Armor*,,,,
Heart of Inmost Light,1341951177,"""6917529102706806808""",,Exotic,Chest Armor,,Titan,888,Arc Energy Capacity,1,Vault,false,false,2,4,,N/A,N/A,12,6,7,6,6,10,47,,Overflowing Light*,Upgrade Armor*,,,,
Red Moon Phantom Steps,1213841242,"""6917529122506764037""",junk,Legendary,Leg Armor,,Hunter,951,Solar Energy Capacity,1,Vault,false,false,2,4,,N/A,N/A,17,2,6,7,12,7,51,,Upgrade Armor*,,,,,
Tangled Web Greaves,2151378428,"""6917529113779858361""",,Legendary,Leg Armor,,Titan,946,Void Energy Capacity,2,Vault,true,false,2,4,,N/A,N/A,2,17,7,12,7,7,52,Recovery,Upgrade Armor*,,,,,
Iron Will Vest,1058936857,"""6917529115175574809""",,Legendary,Chest Armor,ironbanner,Hunter,950,Void Energy Capacity,1,Vault,true,false,3,8,,N/A,N/A,2,20,7,12,2,12,55,Recovery + intellect,Iron Mossbone*,Upgrade Armor*,,,,
The Took Offense,3469164235,"""6917529119392888119""",,Legendary,Chest Armor,,Hunter,951,Void Energy Capacity,3,Vault,true,false,1,1,,N/A,N/A,7,12,7,16,2,7,51,,Upgrade Armor*,,,,,
Red Moon Phantom Vest,24598504,"""6917529120759953548""",junk,Legendary,Chest Armor,,Hunter,951,Arc Energy Capacity,2,Vault,false,false,2,4,,N/A,N/A,2,11,11,2,10,13,49,,Upgrade Armor*,,,,,
Ancient Apocalypse Strides,2568447248,"""6917529120797840676""",junk,Legendary,Leg Armor,,Hunter,951,Solar Energy Capacity,3,Vault,false,false,2,4,,N/A,N/A,6,13,6,8,10,6,49,,Gambit Leather*,Upgrade Armor*,,,,
The Took Offense,2764938807,"""6917529120797832911""",,Legendary,Leg Armor,,Hunter,951,Solar Energy Capacity,1,Vault,true,false,1,1,,N/A,N/A,12,12,2,11,7,8,52,,Upgrade Armor*,,,,,
Tangled Web Mask,3061780015,"""6917529121479782923""",,Legendary,Helmet,,Hunter,949,Arc Energy Capacity,1,Vault,true,false,2,4,,N/A,N/A,2,22,2,11,6,6,49,,Upgrade Armor*,,,,,
Mythos Hack 4.1,747210772,"""6917529121418170883""",,Rare,Chest Armor,,Hunter,950,Solar Energy Capacity,5,Vault,true,false,2,4,,N/A,N/A,16,6,2,2,23,2,51,,Metallic Sunrise*,Upgrade Armor*,,,,
Vest of the Great Hunt,2868042232,"""6917529120324728121""",,Legendary,Chest Armor,,Hunter,950,Void Energy Capacity,1,Vault,false,false,2,4,,N/A,N/A,13,12,2,12,12,7,58,,Upgrade Armor*,,,,,
Mythos Hack 4.1,2159062493,"""6917529121423491652""",,Rare,Helmet,,Hunter,949,Void Energy Capacity,5,Vault,true,false,2,4,,N/A,N/A,2,11,11,2,23,2,51,,Metallic Sunrise*,Upgrade Armor*,,,,
War Mantis,4155348771,"""6917529121428813709""",,Rare,Chest Armor,,Hunter,950,Arc Energy Capacity,5,Vault,true,false,2,4,,N/A,N/A,11,10,2,2,8,17,50,,Upgrade Armor*,,,,,
Tangled Web Greaves,2151378428,"""6917529113825654263""",,Legendary,Leg Armor,,Titan,948,Void Energy Capacity,1,Vault,true,false,2,4,,N/A,N/A,10,7,7,18,6,2,50,Intellect,Upgrade Armor*,,,,,
Swordflight 4.1,1904811766,"""6917529121885595723""",,Legendary,Chest Armor,,Hunter,949,Solar Energy Capacity,4,Vault,false,false,1,1,,N/A,N/A,7,15,6,2,18,6,54,,Upgrade Armor*,,,,,
Swordflight 4.1,1801625827,"""6917529121474808706""",,Legendary,Helmet,,Hunter,951,Solar Energy Capacity,3,Vault,false,false,1,1,,N/A,N/A,8,2,16,6,12,6,50,,Upgrade Armor*,,,,,
Red Moon Phantom Vest,24598504,"""6917529121469466708""",,Legendary,Chest Armor,,Hunter,951,Void Energy Capacity,5,Vault,false,false,2,4,,N/A,N/A,12,12,2,6,12,6,50,,Upgrade Armor*,,,,,
The Outlander's Steps,3880804895,"""6917529121458149492""",,Rare,Leg Armor,,Hunter,949,Solar Energy Capacity,5,Vault,true,false,2,4,,N/A,N/A,8,17,2,6,2,16,51,,Upgrade Armor*,,,,,
Prodigal Strides,3516789127,"""6917529110317836361""",,Legendary,Leg Armor,,Hunter,950,Solar Energy Capacity,7,Vault,true,false,2,4,,N/A,N/A,7,26,6,7,16,2,64,,Recovery Mod*,Traction*,Upgrade Armor*,,,
Swordflight 4.1,2473130418,"""6917529121496896326""",,Legendary,Gauntlets,,Hunter,949,Solar Energy Capacity,1,Vault,true,false,1,1,,N/A,N/A,14,2,11,6,7,13,53,,Upgrade Armor*,,,,,
Lucky Raspberry,903984858,"""6917529114231634913""",,Exotic,Chest Armor,,Hunter,950,Arc Energy Capacity,2,Vault,false,false,1,1,,N/A,N/A,4,14,13,6,9,16,62,,Probability Matrix*,Upgrade Armor*,,,,
Substitutional Alloy Strides,2096778463,"""6917529111279090794""",,Legendary,Leg Armor,seasonpass,Hunter,948,Solar Energy Capacity,2,Vault,false,false,3,8,,N/A,N/A,12,6,7,18,2,7,52,High intellect,Upgrade Armor*,,,,,
Swordflight 4.1,2473130418,"""6917529121879310541""",,Legendary,Gauntlets,,Hunter,951,Void Energy Capacity,4,Vault,true,false,1,1,,N/A,N/A,2,17,6,6,2,19,52,,Upgrade Armor*,,,,,
Prodigal Grasps,3593916933,"""6917529121933306376""",,Legendary,Gauntlets,,Hunter,950,Arc Energy Capacity,1,Vault,false,false,2,4,,N/A,N/A,17,2,8,14,10,2,53,,Upgrade Armor*,,,,,
Bladesmith's Memory Grips,2334017923,"""6917529121891555667""",,Legendary,Gauntlets,,Hunter,950,Solar Energy Capacity,3,Vault,false,false,2,5,,N/A,N/A,7,7,12,6,6,17,55,,Midnight Smith*,Upgrade Armor*,,,,
War Mantis,4155348771,"""6917529121950331547""",,Rare,Chest Armor,,Hunter,950,Void Energy Capacity,5,Vault,false,false,2,4,,N/A,N/A,6,12,6,6,8,12,50,,Upgrade Armor*,,,,,
Swordflight 4.1,3298826188,"""6917529121927548893""",,Legendary,Leg Armor,,Hunter,951,Solar Energy Capacity,1,Vault,false,false,1,1,,N/A,N/A,19,2,6,11,8,6,52,,Upgrade Armor*,,,,,
Swordflight 4.1,1801625827,"""6917529111295831437""",junk,Legendary,Helmet,,Hunter,950,Solar Energy Capacity,2,Vault,false,false,1,1,,N/A,N/A,20,6,2,7,12,6,53,,Upgrade Armor*,,,,,
Binary Phoenix Cloak,1658896287,"""6917529121967157118""",,Legendary,Hunter Cloak,,Hunter,951,Void Energy Capacity,2,Vault,false,false,1,1,,N/A,N/A,0,0,0,0,0,0,0,,Upgrade Armor*,,,,,
Cloak of Five Full Moons,1726695877,"""6917529121927549409""",,Legendary,Hunter Cloak,,Hunter,951,Solar Energy Capacity,1,Vault,false,false,2,4,,N/A,N/A,0,0,0,0,0,0,0,,Upgrade Armor*,,,,,
Prodigal Greaves,1088960547,"""6917529112527083097""",junk,Legendary,Leg Armor,,Titan,950,Arc Energy Capacity,1,Vault,false,false,2,4,,N/A,N/A,11,6,6,17,2,7,49,,Upgrade Armor*,,,,,
Swordflight 4.1,1801625827,"""6917529121983200554""",,Legendary,Helmet,,Hunter,951,Void Energy Capacity,3,Vault,false,false,1,1,,N/A,N/A,2,16,7,8,11,7,51,,Upgrade Armor*,,,,,
Substitutional Alloy Mask,4078925540,"""6917529121977909414""",,Legendary,Helmet,seasonpass,Hunter,750,Solar Energy Capacity,4,Vault,false,false,3,8,,N/A,N/A,8,8,10,2,6,18,52,,Upgrade Armor*,,,,,
Shadow Specter,3160437036,"""6917529121977907459""",,Rare,Gauntlets,,Hunter,950,Arc Energy Capacity,5,Vault,true,false,2,4,,N/A,N/A,6,18,2,10,8,6,50,,Upgrade Armor*,,,,,
War Mantis,4155348771,"""6917529121983199270""",,Rare,Chest Armor,,Hunter,948,Arc Energy Capacity,5,Vault,true,false,2,4,,N/A,N/A,16,2,6,2,2,22,50,,Upgrade Armor*,,,,,
Swordflight 4.1,2473130418,"""6917529121977911878""",,Legendary,Gauntlets,,Hunter,951,Void Energy Capacity,2,Vault,true,false,1,1,,N/A,N/A,8,7,10,7,7,12,51,,Upgrade Armor*,,,,,
Swordflight 4.1,1904811766,"""6917529122012468763""",,Legendary,Chest Armor,,Hunter,951,Void Energy Capacity,2,Vault,true,false,1,1,,N/A,N/A,11,11,2,13,6,7,50,,Upgrade Armor*,,,,,
War Mantis,4155348771,"""6917529122000567583""",,Rare,Chest Armor,,Hunter,948,Solar Energy Capacity,5,Vault,true,false,2,4,,N/A,N/A,12,2,12,2,2,22,52,,Upgrade Armor*,,,,,
Red Moon Phantom Mask,432525353,"""6917529122049044212""",,Legendary,Helmet,,Hunter,949,Arc Energy Capacity,3,Vault,false,false,2,4,,N/A,N/A,11,6,7,18,2,6,50,,Upgrade Armor*,,,,,
Prodigal Grasps,3593916933,"""6917529122031148925""",,Legendary,Gauntlets,,Hunter,950,Void Energy Capacity,5,Vault,false,false,2,4,,N/A,N/A,7,16,2,7,2,17,51,,Upgrade Armor*,,,,,
Red Moon Phantom Vest,24598504,"""6917529122031146070""",,Legendary,Chest Armor,,Hunter,950,Solar Energy Capacity,1,Vault,false,false,2,4,,N/A,N/A,2,11,11,2,18,7,51,,Upgrade Armor*,,,,,
Red Moon Phantom Steps,1213841242,"""6917529122043306106""",junk,Legendary,Leg Armor,,Hunter,952,Solar Energy Capacity,4,Vault,false,false,2,4,,N/A,N/A,2,12,10,6,7,11,48,,Upgrade Armor*,,,,,
Prodigal Strides,3516789127,"""6917529122037240126""",,Legendary,Leg Armor,,Hunter,950,Void Energy Capacity,5,Vault,false,false,2,4,,N/A,N/A,7,7,13,8,7,11,53,,Upgrade Armor*,,,,,
Red Moon Phantom Mask,432525353,"""6917529122061359847""",junk,Legendary,Helmet,,Hunter,951,Arc Energy Capacity,1,Vault,false,false,2,4,,N/A,N/A,2,10,11,12,12,2,49,,Upgrade Armor*,,,,,
Swordflight 4.1,1801625827,"""6917529122338268047""",,Legendary,Helmet,,Hunter,950,Solar Energy Capacity,1,Vault,false,false,1,1,,N/A,N/A,2,17,6,7,7,13,52,,Upgrade Armor*,,,,,
Swordflight 4.1,2473130418,"""6917529122355546905""",,Legendary,Gauntlets,,Hunter,951,Void Energy Capacity,2,Vault,true,false,1,1,,N/A,N/A,13,6,6,18,2,6,51,,Upgrade Armor*,,,,,
Red Moon Phantom Steps,1213841242,"""6917529122403032398""",,Legendary,Leg Armor,,Hunter,950,Arc Energy Capacity,3,Vault,false,false,2,4,,N/A,N/A,12,8,6,8,7,14,55,,Upgrade Armor*,,,,,
Lucky Raspberry,903984858,"""6917529111168819411""",,Exotic,Chest Armor,,Hunter,930,Arc Energy Capacity,3,Vault,false,false,1,1,,N/A,N/A,14,6,7,6,22,6,61,,Discipline Mod*,Probability Matrix*,Upgrade Armor*,,,
Cloak of Five Full Moons,1726695877,"""6917529122442228096""",junk,Legendary,Hunter Cloak,,Hunter,951,Arc Energy Capacity,4,Vault,false,false,2,4,,N/A,N/A,0,0,0,0,0,0,0,,Upgrade Armor*,,,,,
Hardcase Helm,1070180272,"""6917529114447919308""",junk,Rare,Helmet,,Titan,950,Arc Energy Capacity,5,Vault,false,false,2,4,,N/A,N/A,8,16,2,2,18,6,52,,Upgrade Armor*,,,,,
Prodigal Mask,144651852,"""6917529111129378701""",,Legendary,Helmet,,Hunter,949,Void Energy Capacity,4,Vault,false,false,2,4,,N/A,N/A,8,11,7,13,16,7,62,"D, I, S",Discipline Mod*,Upgrade Armor*,,,,
Grips of the Great Hunt,1127835600,"""6917529123112924858""",,Legendary,Gauntlets,,Hunter,949,Void Energy Capacity,3,Vault,true,false,2,4,,N/A,N/A,19,2,8,7,7,13,56,,Taken Armaments*,Upgrade Armor*,,,,
Iron Will Vest,1058936857,"""6917529116559030765""",,Legendary,Chest Armor,ironbanner,Hunter,950,Void Energy Capacity,7,Vault,true,false,3,8,,N/A,N/A,18,2,11,13,2,24,70,High total,Strength Mod*,Unflinching Sniper Aim*,Gambit Celadon*,Upgrade Armor*,,
Vest of the Great Hunt,2868042232,"""6917529123148369119""",,Legendary,Chest Armor,,Hunter,950,Void Energy Capacity,2,Vault,false,false,2,4,,N/A,N/A,8,2,19,12,14,2,57,,Upgrade Armor*,,,,,
Tangled Web Strides,2092750352,"""6917529123217918317""",,Legendary,Leg Armor,,Hunter,948,Void Energy Capacity,1,Vault,false,false,2,4,,N/A,N/A,6,12,8,13,2,13,54,,Upgrade Armor*,,,,,
Mask of the Great Hunt,1190016345,"""6917529123089300706""",,Legendary,Helmet,,Hunter,950,Void Energy Capacity,1,Vault,true,false,2,4,,N/A,N/A,8,19,2,20,2,6,57,,Upgrade Armor*,,,,,
Substitutional Alloy Strides,2096778463,"""6917529110279865713""",,Legendary,Leg Armor,seasonpass,Hunter,947,Arc Energy Capacity,3,Vault,false,false,3,8,,N/A,N/A,22,2,6,12,2,14,58,High mobility,Upgrade Armor*,,,,,
Tangled Web Mask,3061780015,"""6917529112071690423""",junk,Legendary,Helmet,,Hunter,950,Solar Energy Capacity,5,Vault,false,false,2,4,,N/A,N/A,18,6,2,6,7,12,51,,Upgrade Armor*,,,,,
Mythos Hack 4.1,2159062493,"""6917529123240114127""",,Rare,Helmet,,Hunter,950,Solar Energy Capacity,5,Vault,true,false,2,4,,N/A,N/A,12,12,2,2,22,2,52,,Metallic Sunrise*,Upgrade Armor*,,,,
Ancient Apocalypse Strides,2568447248,"""6917529110509783656""",,Legendary,Leg Armor,,Hunter,950,Void Energy Capacity,5,Vault,false,false,2,4,,N/A,N/A,6,6,13,2,7,17,51,Strength,Minor Resist*,Sniper Rifle Scavenger*,Gambit Leather*,Upgrade Armor*,,
Prodigal Grasps,3593916933,"""6917529123240112203""",,Legendary,Gauntlets,,Hunter,949,Solar Energy Capacity,2,Vault,false,false,2,4,,N/A,N/A,6,18,2,2,16,9,53,,Upgrade Armor*,,,,,
Tangled Web Strides,2092750352,"""6917529123256837643""",junk,Legendary,Leg Armor,,Hunter,951,Void Energy Capacity,1,Vault,false,false,2,4,,N/A,N/A,6,8,12,11,8,6,51,,Upgrade Armor*,,,,,
Notorious Collector Cloak,370332340,"""6917529111262361485""",,Legendary,Hunter Cloak,,Hunter,948,Arc Energy Capacity,3,Vault,false,false,2,6,,N/A,N/A,0,0,0,0,0,0,0,,Collector +3*,Upgrade Armor*,,,,
Aeon Soul,2950045886,"""6917529108954466958""",,Exotic,Gauntlets,,Warlock,945,Solar Energy Capacity,1,Vault,false,false,1,2,,N/A,N/A,6,22,4,20,7,2,61,,Aeon Energy*,Upgrade Armor*,,,,
Prodigal Strides,3516789127,"""6917529123466371776""",,Legendary,Leg Armor,,Hunter,950,Arc Energy Capacity,3,Vault,true,false,2,4,,N/A,N/A,14,16,2,22,2,2,58,,Upgrade Armor*,,,,,
Iron Will Boots,1469050017,"""6917529115986938678""",,Legendary,Leg Armor,ironbanner,Hunter,949,Solar Energy Capacity,4,Vault,true,false,3,8,,N/A,N/A,2,19,7,6,6,30,70,Recovery + strength,Strength Mod*,Auto Rifle Dexterity*,Gambit Celadon*,Upgrade Armor*,,
Prodigal Steps,2772485446,"""6917529123557147957""",,Legendary,Leg Armor,,Warlock,948,Solar Energy Capacity,3,Vault,false,false,2,4,,N/A,N/A,9,11,6,12,12,2,52,,Upgrade Armor*,,,,,
Swordflight 4.1,1801625827,"""6917529111295829441""",junk,Legendary,Helmet,,Hunter,950,Solar Energy Capacity,4,Vault,false,false,1,1,,N/A,N/A,11,11,2,7,7,11,49,,Upgrade Armor*,,,,,
Swordflight 4.1,2473130418,"""6917529123775211544""",junk,Legendary,Gauntlets,,Hunter,951,Arc Energy Capacity,1,Vault,true,false,1,1,,N/A,N/A,10,2,11,6,8,12,49,,Upgrade Armor*,,,,,
Tangled Web Mask,3061780015,"""6917529123814578713""",junk,Legendary,Helmet,,Hunter,951,Arc Energy Capacity,1,Vault,false,false,2,4,,N/A,N/A,2,17,7,7,6,12,51,,Upgrade Armor*,,,,,
Swordflight 4.1,1904811766,"""6917529111290270821""",junk,Legendary,Chest Armor,,Hunter,950,Arc Energy Capacity,1,Vault,false,false,1,1,,N/A,N/A,7,7,12,2,11,12,51,,Upgrade Armor*,,,,,
Prodigal Vest,3434158555,"""6917529123831210509""",junk,Legendary,Chest Armor,,Hunter,951,Arc Energy Capacity,2,Vault,false,false,2,4,,N/A,N/A,17,7,2,13,2,12,53,,Upgrade Armor*,,,,,
Swordflight 4.1,3298826188,"""6917529111279089519""",junk,Legendary,Leg Armor,,Hunter,950,Arc Energy Capacity,4,Vault,false,false,1,1,,N/A,N/A,2,13,13,12,14,2,56,,Upgrade Armor*,,,,,
Prodigal Cloak,2173858802,"""6917529123836593119""",junk,Legendary,Hunter Cloak,,Hunter,951,Arc Energy Capacity,3,Vault,false,false,2,4,,N/A,N/A,0,0,0,0,0,0,0,,Upgrade Armor*,,,,,
Ankaa Seeker IV,1852468615,"""6917529115300719566""",junk,Legendary,Leg Armor,,Warlock,950,Arc Energy Capacity,3,Vault,false,false,2,7,,N/A,N/A,2,17,6,7,12,6,50,,Upgrade Armor*,,,,,
Tangled Web Grips,880368054,"""6917529124113649123""",,Legendary,Gauntlets,,Hunter,950,Void Energy Capacity,2,Vault,false,false,2,4,,N/A,N/A,6,6,16,8,6,13,55,,Upgrade Armor*,,,,,
Iron Will Sleeves,2547799775,"""6917529115163504929""",,Legendary,Gauntlets,ironbanner,Hunter,950,Void Energy Capacity,1,Vault,true,false,3,8,,N/A,N/A,2,6,20,8,10,10,56,Resilience,Iron Mossbone*,Upgrade Armor*,,,,
Swordflight 4.1,1801625827,"""6917529124146786269""",junk,Legendary,Helmet,,Hunter,951,Arc Energy Capacity,2,Vault,false,false,1,1,,N/A,N/A,10,11,6,2,6,17,52,,Upgrade Armor*,,,,,
Greaves of Ascendancy,11974904,"""6917529110543071174""",,Legendary,Leg Armor,garden,Titan,945,Solar Energy Capacity,5,Vault,true,false,3,8,,N/A,N/A,6,12,8,14,11,2,53,Unique,Boss Resist*,Enhanced Relay Defender*,Upgrade Armor*,,,
War Mantis,803939997,"""6917529115240044374""",,Rare,Gauntlets,,Hunter,947,Void Energy Capacity,5,Vault,true,false,2,4,,N/A,N/A,24,12,14,0,0,0,50,Mobility,Upgrade Armor*,,,,,
Swordflight 4.1,1801625827,"""6917529124130600657""",,Legendary,Helmet,,Hunter,950,Void Energy Capacity,3,Vault,true,false,1,1,,N/A,N/A,8,18,2,12,12,2,54,,Upgrade Armor*,,,,,
Shadow Specter,3160437036,"""6917529115270685307""",,Rare,Gauntlets,,Hunter,947,Solar Energy Capacity,5,Vault,true,false,2,4,,N/A,N/A,2,22,2,2,6,16,50,Recovery,Upgrade Armor*,,,,,
RPC Valiant,2466525328,"""6917529114554260983""",,Rare,Gauntlets,,Titan,948,Void Energy Capacity,5,Vault,true,false,2,4,,N/A,N/A,2,7,17,2,22,2,52,Discipline,Upgrade Armor*,,,,,
Dreambane Robes,3692187003,"""6917529104405858431""",,Legendary,Chest Armor,moon,Warlock,926,Arc Energy Capacity,5,Vault,true,false,3,8,,N/A,N/A,6,2,17,22,2,12,61,Unique,Intellect Mod*,Upgrade Armor*,,,,
Dreambane Mark,3312368889,"""6917529101889639236""",,Legendary,Titan Mark,moon,Titan,860,Solar Energy Capacity,2,Vault,true,false,3,8,,N/A,N/A,0,0,0,0,0,0,0,,Dreambane Mod*,Upgrade Armor*,,,,
Prodigal Vest,3434158555,"""6917529112707600583""",junk,Legendary,Chest Armor,,Hunter,950,Void Energy Capacity,1,Vault,false,false,2,4,,N/A,N/A,7,7,12,6,10,7,49,,Upgrade Armor*,,,,,
Dreambane Hood,1528483180,"""6917529103914159902""",,Legendary,Helmet,moon,Warlock,860,Void Energy Capacity,4,Vault,true,false,3,8,,N/A,N/A,6,8,11,6,2,18,51,Unique,Dreambane Mod*,Upgrade Armor*,,,,
Red Moon Phantom Mask,432525353,"""6917529111262356702""",,Legendary,Helmet,,Hunter,949,Void Energy Capacity,5,Vault,true,false,2,4,,N/A,N/A,2,6,19,6,19,2,54,High resilience and discipline,Upgrade Armor*,,,,,
War Mantis,803939997,"""6917529111245758664""",,Rare,Gauntlets,,Hunter,950,Arc Energy Capacity,5,Vault,true,false,2,4,,N/A,N/A,28,14,8,0,0,0,50,Mobility,Upgrade Armor*,,,,,
Stormdancer's Brace,1996008488,"""6917529103973565288""",,Exotic,Chest Armor,,Warlock,926,Arc Energy Capacity,5,Vault,false,false,3,8,,N/A,N/A,12,6,6,22,6,6,58,,Intellect Mod*,Ascending Amplitude*,Upgrade Armor*,,,
Ankaa Seeker IV,2775298636,"""6917529115890454965""",,Legendary,Helmet,,Warlock,950,Arc Energy Capacity,3,Vault,true,false,2,7,,N/A,N/A,12,7,6,2,2,23,52,Strength,Upgrade Armor*,,,,,
Tangled Web Hood,553373026,"""6917529113131832280""",junk,Legendary,Helmet,,Warlock,950,Void Energy Capacity,4,Vault,false,false,2,4,,N/A,N/A,6,8,13,7,11,7,52,,Upgrade Armor*,,,,,
Chiron's Cure,1486292360,"""6917529115907694876""",,Rare,Helmet,,Warlock,949,Arc Energy Capacity,5,Vault,true,false,2,4,,N/A,N/A,11,6,6,2,2,22,49,Strength,Upgrade Armor*,,,,,
Prophet Snow,2190967049,"""6917529115907692713""",,Rare,Gauntlets,,Warlock,949,Void Energy Capacity,5,Vault,true,false,2,4,,N/A,N/A,22,2,2,6,8,13,53,Mobility,Upgrade Armor*,,,,,
Iron Will Hood,2205315921,"""6917529115913887312""",,Legendary,Helmet,ironbanner,Warlock,950,Solar Energy Capacity,1,Vault,true,false,3,8,,N/A,N/A,16,2,13,20,7,2,60,Unique + intellect + mobility,Iron Mossbone*,Upgrade Armor*,,,,
Ankaa Seeker IV,1929596421,"""6917529115306747254""",junk,Legendary,Gauntlets,,Warlock,950,Arc Energy Capacity,4,Vault,false,false,2,7,,N/A,N/A,2,13,10,7,17,2,51,,Upgrade Armor*,,,,,
Legion-Bane,3867725217,"""6917529113819680160""",junk,Rare,Gauntlets,,Titan,950,Solar Energy Capacity,5,Vault,false,false,2,4,,N/A,N/A,12,6,6,6,16,2,48,,Upgrade Armor*,,,,,
ACD/0 Feedback Fence,2563444729,"""6917529103587837388""",,Exotic,Gauntlets,,Titan,914,Arc Energy Capacity,1,Vault,false,false,1,1,,N/A,N/A,2,10,12,6,6,12,48,,Fury Conductors*,Upgrade Armor*,,,,
Phoenix Cradle,1537074069,"""6917529101925881784""",,Exotic,Leg Armor,,Titan,907,Solar Energy Capacity,1,Vault,false,false,3,8,,N/A,N/A,10,10,2,2,22,2,48,,Beacons of Empowerment*,Upgrade Armor*,,,,
Dreambane Greaves,310888006,"""6917529101721230614""",,Legendary,Leg Armor,moon,Titan,860,Arc Energy Capacity,3,Vault,true,false,3,8,,N/A,N/A,6,7,13,2,2,23,53,Unique,Dreambane Mod*,Upgrade Armor*,,,,